<rss version="2.0"><channel><title>Lookonchain Proxy Feed</title><link>https://t.me/lookonchain</link><description>Proxy RSS feed for Lookonchain Telegram channel</description><item><title>🐳 Whale transferred 1,500 ETH to Binance</title><link>https://t.me/lookonchain/746213</link><description>Possible preparation for sell-off</description><pubDate>Wed, 30 Jul 2025 17:30:00 +0000</pubDate><guid>https://t.me/lookonchain/746213</guid></item><item><title>🧠 Smart money moved 10M USDT from Binance</title><link>https://t.me/lookonchain/746214</link><description>OTC deal suspected</description><pubDate>Wed, 30 Jul 2025 17:45:00 +0000</pubDate><guid>https://t.me/lookonchain/746214</guid></item></channel></rss>